INSERT INTO ENGINE_TYPE (CODE, DESCRIPTION) VALUES ('GAS','Gas Engine');
INSERT INTO ENGINE_TYPE (CODE, DESCRIPTION) VALUES ('ELECTRIC','Electric Engine');
INSERT INTO ENGINE_TYPE (CODE, DESCRIPTION) VALUES ('DIESEL','Diesel Engine');
INSERT INTO MAINTENANCE_OPTION (CODE, DESCRIPTION) VALUES ('OIL5W20','Oil Change 5W20');
INSERT INTO MAINTENANCE_OPTION (CODE, DESCRIPTION) VALUES ('OIL10W30','Oil Change 5W20');
INSERT INTO MAINTENANCE_OPTION (CODE, DESCRIPTION) VALUES ('RTIRE','Rotate Tires');
INSERT INTO MAINTENANCE_OPTION (CODE, DESCRIPTION) VALUES ('WIPER','Wiper Blades');
INSERT INTO MAINTENANCE_OPTION (CODE, DESCRIPTION) VALUES ('FUELD','Diesel Fuel System Service');
INSERT INTO MAINTENANCE_OPTION (CODE, DESCRIPTION) VALUES ('FUELG','Diesel Fuel System Service');
INSERT INTO ENGINE_MAINTENANCE_OPTION (ENGINE_CODE, MAINTENANCE_CODE) VALUES ('GAS','OIL5W20');
INSERT INTO ENGINE_MAINTENANCE_OPTION (ENGINE_CODE, MAINTENANCE_CODE) VALUES ('GAS','OIL10W30');
INSERT INTO ENGINE_MAINTENANCE_OPTION (ENGINE_CODE, MAINTENANCE_CODE) VALUES ('GAS','FUELG');
INSERT INTO ENGINE_MAINTENANCE_OPTION (ENGINE_CODE, MAINTENANCE_CODE) VALUES ('GAS','WIPER');
INSERT INTO ENGINE_MAINTENANCE_OPTION (ENGINE_CODE, MAINTENANCE_CODE) VALUES ('GAS','RTIRE');
INSERT INTO ENGINE_MAINTENANCE_OPTION (ENGINE_CODE, MAINTENANCE_CODE) VALUES ('DIESEL','OIL5W20');
INSERT INTO ENGINE_MAINTENANCE_OPTION (ENGINE_CODE, MAINTENANCE_CODE) VALUES ('DIESEL','OIL10W30');
INSERT INTO ENGINE_MAINTENANCE_OPTION (ENGINE_CODE, MAINTENANCE_CODE) VALUES ('DIESEL','FUELD');
INSERT INTO ENGINE_MAINTENANCE_OPTION (ENGINE_CODE, MAINTENANCE_CODE) VALUES ('DIESEL','WIPER');
INSERT INTO ENGINE_MAINTENANCE_OPTION (ENGINE_CODE, MAINTENANCE_CODE) VALUES ('DIESEL','RTIRE');
INSERT INTO ENGINE_MAINTENANCE_OPTION (ENGINE_CODE, MAINTENANCE_CODE) VALUES ('ELECTRIC','RTIRE');
INSERT INTO ENGINE_MAINTENANCE_OPTION (ENGINE_CODE, MAINTENANCE_CODE) VALUES ('ELECTRIC','WIPER');